Original	Free w/o position	Free w/ position	Controlled w/o position	Controlled w/ position
King Edward is now overlord of this northern kingdom.	King Edward is now the captain steering this northern ship of state.	King Edward is now the captain of this northern kingdom.	King Edward is now the father of this northern kingdom.	King Edward is now the father figure of this northern kingdom.
Mike Chittenden staggered in flames into a neighbouring office where terrified workers doused the flames.	Mike Chittenden staggered in flames into a neighboring office where terrified workers drowned the fire.	Mike Chittenden lurched in flames into a neighboring office where terrified workers doused the flames.	Mike Chittenden lurched in flames into a neighboring office where terrified workers doused the flames.	Mike Chittenden crawled in flames into a neighboring office where terrified workers doused the flames.
Police regulation — of which law enforcement was only a tool — was about confining the 'troublesome' poor to their quarters and ensuring that their nefarious characteristics were not contagious.	Police regulation—of which law enforcement was only a tool—was about caging the "troublesome" poor and ensuring that their nefarious disease did not spread.	Police regulation—of which law enforcement was only a tool—was about confining the "troublesome" poor to their quarters and ensuring that their nefarious plague was not contagious.	Police regulation—of which law enforcement was only a tool—was about keeping the "troublesome" poor on the straight path and ensuring that their nefarious characteristics were not contagious.	Police regulation—of which law enforcement was only a tool—was about keeping the "troublesome" poor in line and ensuring that their nefarious characteristics were not contagious.
Was she a good person?' she asked.	"Was she a saint or a sinner?" she asked.	"Was she a saint?" she asked.	"Was she a pure person?" she asked.	"Was she a pure person?" she asked.
Pass through the village, and off to the right you will find a farmyard with chickens pecking, ducks waddling, and a couple of horses grazing peacefully.	Pass through the village, and off to the right you will find a farmyard with chickens drilling, ducks marching, and a couple of horses stationed at their posts.	Pass through the village, and off to the right you will find a farmyard with chickens drilling, ducks waddling, and a couple of horses grazing peacefully.	Pass through the village, and off to the right you will find a farmyard with chickens marching forward, ducks waddling, and a couple of horses grazing peacefully.	Pass through the village, and off to the right you will find a farmyard with chickens marching forward, ducks waddling, and a couple of horses grazing peacefully.
Hamza engaged the soldiers in a desperate firefight.	Hamza clashed swords with the soldiers in a desperate battle.	Hamza engaged the soldiers in a desperate duel.	Hamza charged ahead against the soldiers in a desperate firefight.	Hamza charged the soldiers in a desperate firefight.
At first his tired, dulled brain could not comprehend what had happened.	At first, his tired dulled brain could not unlock the puzzle of what had happened.	At first, his tired dulled brain could not decode what had happened.	At first, his tired dulled brain could not see clearly what had happened.	At first, his tired dulled brain could not perceive clearly what had happened.
It astonishes me that you were even aware I was gone.'	"It blows me away that you even noticed I was gone."	"It blows me away that you were even aware I was gone."	"It strikes me that you were even aware I was gone."	"It shocks me that you were even aware I was gone."
Progressive education' (as it was once called) is far more interesting and agreeable to teachers than is disciplined instruction.	"Progressive education" (as it was once called) is far more nourishing and palatable to teachers than the rigid diet of disciplined instruction.	"Progressive education" (as it was once called) is far more interesting and agreeable to teachers than is force-fed instruction.	"Progressive education" (as it was once called) is far more interesting and agreeable to teachers than is grasping disciplined instruction.	"Progressive education" (as it was once called) is far more fruitful and agreeable to teachers than is disciplined instruction.
Jack and me got married very quietly yesterday afternoon.'	"Jack and me tied the knot very quietly yesterday afternoon."	"Jack and me tied the knot very quietly yesterday afternoon."	"Jack and me walked down the path of marriage very quietly yesterday afternoon."	"Jack and me tied the knot very quietly yesterday afternoon."
The Persian Gulf War destroyed much of the country's medical infrastructure, according to a report by the World Health Organization.	The Persian Gulf War amputated much of the country's medical backbone, according to a report by the World Health Organization.	The Persian Gulf War destroyed much of the country’s backbone, according to a report by the World Health Organization.	The Persian Gulf War derailed much of the country’s medical infrastructure, according to a report by the World Health Organization.	The Persian Gulf War overturned much of the country’s medical infrastructure, according to a report by the World Health Organization.
Though the sinful propensities remain in us till our dying day, they need not be dominant.	Though the sinful shadows linger in us till our final breath, they need not rule the soul.	Though the shadows remain in us till our dying day, they need not be dominant.	Though the crooked propensities remain in us till our dying day, they need not be dominant.	Though the sinful propensities remain in us till our dying day, they need not rule over us.
His face was livid and bloody.	His face was a stormy battlefield of rage and blood.	His face was a storm and bloody.	His face was downcast and bloodied.	His face was darkened and bruised.
Pugh outlines the work of the Pen Green Family Centre in Corby, Northamptonshire.	Pugh broadcasts the work of the Pen Green Family Centre in Corby, Northamptonshire.	Pugh broadcasts the work of the Pen Green Family Centre in Corby, Northamptonshire.	Pugh delivers the work of the Pen Green Family Centre in Corby, Northamptonshire.	Pugh delivers the work of the Pen Green Family Centre in Corby, Northamptonshire.
But John Barnes' assessment of the performance was more pointed.	But John Barnes’ verdict on the performance was more cutting.	But John Barnes’ verdict of the performance was more pointed.	But John Barnes’ measurement of the performance was more pointed.	But John Barnes’ assessment of the performance was more pointed.
As the three of them proceeded into Caucasia, they disturbed flocks of pelican, whose earthbound ungainliness was miraculously transfigured by flight.	As the three of them marched into Caucasia, they scattered flocks of pelicans, whose clumsy earthbound forms took flight like angels.	As the three of them proceeded into Caucasia, they ruffled flocks of pelicans, whose earthbound ungainliness was miraculously transfigured by flight.	As the three of them moved forward into Caucasia, they disturbed flocks of pelicans, whose earthbound ungainliness was miraculously transfigured by flight.	As the three of them moved into Caucasia, they disturbed flocks of pelicans, whose earthbound ungainliness was miraculously transfigured by flight.
If they married outside their own caste, they could be put to death.	If they crossed the walls of their caste, they could be executed.	If they crossed the walls of their own caste, they could be put to death.	If they propelled themselves outside their own caste, they could be put to death.	If they ventured beyond their own caste, they could be put to death.
I'm convinced this is the answer for growing tender plants in Spartan conditions.	"I have unearthed the answer for growing tender plants in Spartan conditions."	"I have unearthed the answer for growing tender plants in Spartan conditions."	"I have seen the answer for growing tender plants in Spartan conditions."	"I am certain this is the answer for growing tender plants in Spartan conditions."
I don't think that now.	"I don’t see that now."	"I don’t see that now."	"I don’t see that now."	"I don’t think that now."
It was all quite sensible but a little nefarious.	It was all quite logical but a little tainted.	It was all quite sensible but a little tainted.	It was all quite strong but a little nefarious.	It was all quite sensible but a little corrupt.
The weather was clearing, the mist dispersing, the sun began to peep out.	The weather was healing, the mist retreating, and the sun began to smile through.	The weather was clearing, the mist dispersing, and the sun began to smile out.	The weather was moving forward, the mist dispersing, the sun began to peep out.	The weather was opening up, the mist dispersing, the sun began to peek out.
But competing with the conception of the other person's thoughts is the child's own knowledge of the location of the coin.	But competing with the blueprint of the other person’s thoughts is the child’s own mental map of the coin’s location.	But competing with the blueprint of the other person’s thoughts is the child’s own knowledge of the location of the coin.	But speaking against the conception of the other person’s thoughts is the child’s own knowledge of the location of the coin.	But competing with the conception of the other person’s thoughts is the child’s own mental map of the location of the coin.
Centuries of tradition have portrayed dragons as fire-breathing, flying serpents.	Centuries of tradition have painted dragons as fire-breathing, sky-dwelling serpents.	Eras of tradition have portrayed dragons as fire-breathing, flying serpents.	Centuries have been spent portraying dragons as fire-breathing, flying serpents.	Centuries of tradition have portrayed dragons as fire-breathing, flying serpents.
He had none of the equipment of a detective, neither being particularly observant nor having any great insight into the psychology of small boys.	He had none of the tools of a detective, neither possessing sharp lenses nor carrying any deep psychological probes.	He had none of the tools of a detective, neither being particularly observant nor having any great insight into the psychology of small boys.	He had none of the human qualities of a detective, neither being particularly observant nor having any great insight into the psychology of small boys.	He had none of the tools of a detective, neither being particularly observant nor having any great insight into the psychology of small boys.
Iran's biological warfare program began during the Iran-Iraq war.	Iran's biological warfare program was born in the fires of the Iran-Iraq war.	Iran’s biological warfare program took root during the Iran-Iraq war.	Iran’s biological warfare program set out on its path during the Iran-Iraq war.	Iran's biological warfare program began its journey during the Iran-Iraq war.
His brief tenure of power in Java in the early 19th century saw more reform than the centuries of Dutch oppression.	His brief candle of power in Java in the early 19th century burned with more reform than the frozen centuries of Dutch oppression.	His brief tenure of power in Java in the early 19th century saw more reform than the frozen centuries of Dutch oppression.	His brief stay in power in Java in the early 19th century saw more reform than the long-standing centuries of Dutch oppression.	His brief tenure of power in Java in the early 19th century saw more reform than the centuries of longstanding Dutch oppression.
While outlining big plans, Chan is equally enthusiastic about rectifying small situations that have long nettled residents.	While outlining grand blueprints, Chan is equally fired up about fixing small cracks that have long irritated residents.	While outlining big plans, Chan is equally enthusiastic about rectifying cracks that have long nettled residents.	While outlining big plans, Chan is equally burning about rectifying small situations that have long nettled residents.	While outlining big plans, Chan is equally enthusiastic about rectifying long-burning issues that have long nettled residents.
She glanced over one shoulder.	She cast a quick glance over one shoulder.	She cast over one shoulder.	She moved over one shoulder.	She looked over one shoulder.
Magda was lost in a poem which was 'as independent and unintelligible as reality itself.'	Magda was adrift in a poem that was "as boundless and inscrutable as the ocean of reality itself."	Magda was lost in a poem which was "as independent and vast as reality itself."	Magda was lost in a poem which was "as independent and full of life as reality itself."	Magda was lost in a poem which was "as independent and inaccessible as reality itself."
The Prime Minister dare not present a clear picture, because such a picture would annoy some group or other in the Tory party.	The Prime Minister dare not lift the veil, because such clarity would enrage some faction or other in the Tory party.	The Prime Minister dare not present a clear picture, because such a picture would ignite some group or other in the Tory party.	The Prime Minister dare not present a clear picture, because such a picture would inflame some group or other in the Tory party.	The Prime Minister dare not present a clear picture, because such a picture would ignite some group or other in the Tory party.
AUSTRIA, once expected to waltz smoothly into the European Union, is elbowing its partners, treading on toes, and pogo-dancing in a most un-Viennese manner.	Austria, once expected to waltz smoothly into the European Union, is now trampling its partners, stepping on toes, and breakdancing in a most un-Viennese manner.	AUSTRIA, once expected to waltz smoothly into the European Union, is elbowing its partners, treading on toes, and stumbling in a most un-Viennese manner.	AUSTRIA, once expected to waltz smoothly into the European Union, is pushing forward, elbowing its partners, treading on toes, and pogo-dancing in a most un-Viennese manner.	AUSTRIA, once expected to waltz smoothly into the European Union, is elbowing its partners, treading on toes, and pogo-dancing in a most un-Viennese manner.
Because of this, Blanc expresses a real empathy with the average cook at home.	Because of this, Blanc radiates a warm embrace of empathy for the average cook at home.	Because of this, Blanc expresses a real warmth with the average cook at home.	Because of this, Blanc radiates warmth with the average cook at home.	Because of this, Blanc expresses a real warmth with the average cook at home.
Republican leader Bill Frist said the Senate was hijacked.	Republican leader Bill Frist said the Senate was hijacked.	Republican leader Bill Frist said the Senate was hijacked.	Republican leader Bill Frist said the Senate was infected.	Republican leader Bill Frist said the Senate was infected.
The reports of the fratricidal strife among the security forces indicated a threatening polarisation in the country as the regime dug in, while a burgeoning opposition gained in confidence.	The reports of the fratricidal storm within the security forces signaled a gathering storm in the country as the regime fortified its walls, while a surging opposition found its footing.	The reports of the fratricidal strife among the security forces indicated a threatening storm in the country as the regime dug in, while a burgeoning opposition gained in confidence.	The reports of the fratricidal strife among the security forces indicated a dangerous movement in the country as the regime dug in, while a burgeoning opposition gained in confidence.	The reports of the fratricidal strife among the security forces indicated a dangerous rift in the country as the regime dug in, while a burgeoning opposition gained in confidence.
The Bogeyman was awake.	The Bogeyman had emerged from his slumber.	The Bogeyman was roused.	The Bogeyman was rising.	The Bogeyman was standing upright.
She could hardly believe what he was telling her.	She could barely grasp what he was telling her.	She could hardly grasp what he was telling her.	She could hardly digest what he was telling her.	She could hardly digest what he was telling her.
Mrs. Lirriper married here, CS 16.	Mrs. Lirriper tied the knot here, CS 16.	Mrs. Lirriper tied the knot here, CS 16.	Mrs. Lirriper moved into marriage here, CS 16.	Mrs. Lirriper joined here, CS 16.
Contralto, eyes rolling, ears flat, skittishly began to mince past them.	Contralto, eyes darting, ears pinned back, pranced nervously past them.	Contralto, eyes rolling, ears flat, skittishly began to prance past them.	Contralto, eyes rolling, ears flat, skittishly stood poised past them.	Contralto, eyes rolling, ears flat, skittishly began to flit past them.
Land birds are constantly visiting the ship and the pretty Stormy Petrels are our constant companions while the ocean itself contains an abundance to amuse and gratify one.	Land birds are always dropping by the ship, and the elegant Stormy Petrels are our tireless companions, while the ocean itself overflows with wonders to captivate and delight.	Land birds are constantly visiting the ship, and the pretty Stormy Petrels are our constant companions while the ocean itself contains an abundance to delight one.	Land birds are constantly visiting the ship, and the pretty Stormy Petrels are our constant companions while the ocean itself contains an intensity to amuse and gratify one.	Land birds are constantly visiting the ship and the pretty Stormy Petrels are our constant companions while the ocean itself contains an abundance to delight one.
I knew I could count on you,' she cooed.	"I knew I could lean on you," she purred.	"I knew I could count on you," she purred.	"I knew I could receive support from you," she cooed.	"I knew I could count on you," she cooed.
The stranger was flabbergasted.	The stranger was struck dumb.	The stranger was struck.	The stranger was burning with shock.	The stranger was stunned.
Those incomers with whom I discussed class agreed that awareness of class is a typically British trait.	Those newcomers with whom I discussed class agreed that awareness of class is woven into the British fabric.	Those incomers with whom I discussed class agreed that awareness of class is a typically woven British trait.	Those incomers with whom I discussed class agreed that awareness of class is a living British trait.	Those incomers with whom I discussed class agreed that awareness of class is a typically embedded British trait.
L'heureux jaloux has a 'jealousy' air and lengthy recitative with modulations only to flat keys (movements 7-8) in F minor, which transforms a lover's tiff into a miniature tragedy.	L'heureux jaloux has a "jealousy" tone and a brooding lament in F minor, turning a lover’s quarrel into a miniature opera of sorrow.	L'heureux jaloux has a "jealousy" air and lengthy recitative with modulations only to flat keys (movements 7-8) in F minor, which transforms a lover’s tiff into a miniature opera.	L'heureux jaloux has a "jealousy" air and lengthy recitative with modulations only to flat keys (movements 7-8) in F minor, which turns a lover’s tiff into a duel.	L'heureux jaloux has a "jealousy" air and lengthy recitative with modulations only to flat keys (movements 7-8) in F minor, which transforms a lover’s tiff into a miniature drama.
As I rise to speak to the House on this important matter, I am conscious that it is a complex and difficult subject.	As I stand to address the House on this weighty matter, I am aware that it is a tangled web of complexity.	As I rise to speak to the House on this important matter, I am conscious that it is a labyrinth.	As I rise to speak to the House on this important matter, I am conscious that it is hard to swallow.	As I rise to speak to the House on this important matter, I am conscious that it is a complicated meal.
Officials observed that Washington's allies have expressed particular outrage at the latest pattern of Iraqi defiance and would probably back a limited U.S. military move against Iraq.	Officials noted that Washington’s allies have erupted in fury over the latest act of Iraqi defiance and would likely back a precision strike in retaliation.	Officials observed that Washington’s allies have expressed particular fury at the latest pattern of Iraqi defiance and would probably back a limited U.S. military move against Iraq.	Officials observed that Washington’s allies have expressed particular deep resentment at the latest pattern of Iraqi defiance and would probably back a limited U.S. military move against Iraq.	Officials observed that Washington’s allies have expressed particular disgust at the latest pattern of Iraqi defiance and would probably back a limited U.S. military move against Iraq.
We have undertaken corporate studies that show that women are more closely aligned generally with the networked, more ethical, and responsible business.	Our corporate studies have uncovered that women more often weave themselves into the networked, ethical, and responsible business model.	We have undertaken corporate studies that show that women are more closely aligned generally with the networked, more principled and responsible business.	We have undertaken corporate studies that show that women are more closely aligned generally with the networked, more untainted and responsible business.	We have undertaken corporate studies that show that women are more closely aligned generally with the networked, more unblemished and responsible business.
The Venetians fortified their main towns — Naxos Town and Antiparos Town are wonderful examples of this — creating labyrinths of narrow alleys and cul-de-sacs that were designed to confuse and to demoralize invaders.	The Venetians armored their towns—Naxos Town and Antiparos Town are splendid citadels of this—crafting mazes of alleys and dead ends to bewilder and break the spirits of invaders.	The Venetians fortified their main towns—Naxos Town and Antiparos Town are wonderful examples of this—creating mazes of narrow alleys and cul-de-sacs that were designed to confuse and to demoralize invaders.	The Venetians drove their cities forward, creating labyrinths of narrow alleys and cul-de-sacs that were designed to confuse and demoralize invaders.	The Venetians fortified their main towns—Naxos Town and Antiparos Town are wonderful examples of this—creating a web of confusion of narrow alleys and cul-de-sacs that were designed to confuse and demoralize invaders.
There is almost a tinge of predestination in footballers' reflections on how they came to sport in the first place.	There is almost a thread of destiny woven into footballers' reflections on how they came to the sport.	There is almost a thread of destiny in footballers’ reflections on how they came to sport in the first place.	There is almost a taste of predestination in footballers’ reflections on how they came to sport in the first place.	There is almost a hint of destiny in footballers’ reflections on how they came to sport in the first place.
Meanwhile, IXI is also in the process of setting up a European operation, which is being headed by Steven Sampson as general manager.	Meanwhile, IXI is laying the foundation for a European fortress, with Steven Sampson at the helm as general manager.	Meanwhile, IXI is also in the process of setting up a European operation, which is being steered by Steven Sampson as general manager.	Meanwhile, IXI is also in the process of setting up a European operation, which is being led by Steven Sampson as general manager.	Meanwhile, IXI is also in the process of setting up a European operation, which is being navigated by Steven Sampson as general manager.
Goodwill has devised the programs that turned your investment into results.	Goodwill has engineered the programs that transformed your investment into success.	Goodwill has devised the programs that transformed your investment into results.	Goodwill has devised the programs that pushed your investment into results.	Goodwill has devised the programs that steered your investment into results.
The Mason reached over and snatched the purse, emptying about half of the contents into his own hand.	The Mason reached over and plucked the purse, siphoning half its contents into his own palm.	The Mason reached over and plucked the purse, emptying about half of the contents into his own hand.	The Mason reached over and pounced on the purse, emptying about half of the contents into his own hand.	The Mason reached over and seized the purse, emptying about half of the contents into his own hand.
When he re-emerged, he was cradling an explosive projectile rifle similar to the one which was being trained on them by Kubitsky.	When he re-emerged, he was gripping a cannon-like rifle similar to the one that loomed over them in Kubitsky’s hands.	When he re-emerged he was gripping an explosive projectile rifle similar to the one which was being trained on them by Kubitsky.	When he re-emerged, he was holding a storm in the form of an explosive projectile rifle similar to the one being trained on them by Kubitsky.	When he re-emerged, he was gripping an explosive projectile rifle similar to the one which was being trained on them by Kubitsky.
Sir John had then stamped off, muttering curses about public officials who didn't seem to care.	Sir John then stormed off, cursing public officials who seemed indifferent.	Sir John had then stamped off, grumbling about public officials who didn’t seem to care.	Sir John had then stamped off, steering his way through curses about public officials who didn’t seem to care.	Sir John had then stormed off, muttering curses about public officials who didn’t seem to care.
The magistrate denied bond and said an extradition hearing will be held in about 60 days.	The magistrate barred the gate and decreed that an extradition trial would be set in 60 days.	The magistrate barred bond and said an extradition hearing will be held in about 60 days.	The magistrate drove away bond and said an extradition hearing will be held in about 60 days.	The magistrate barred bond and said an extradition hearing will be held in about 60 days.
TV REPORTER Michael Nicholson told last night how he smuggled a nine-year-old girl out of war-torn Yugoslavia and took her home to his family.	TV REPORTER Michael Nicholson revealed last night how he smuggled a nine-year-old girl from war-ravaged Yugoslavia and sheltered her in his home.	TV REPORTER Michael Nicholson told last night how he smuggled a nine-year-old girl out of war-torn Yugoslavia and took her home to his family.	TV REPORTER Michael Nicholson told last night how he snatched a nine-year-old girl out of war-torn Yugoslavia and took her home to his family.	TV REPORTER Michael Nicholson told last night how he swept away a nine-year-old girl out of war-torn Yugoslavia and took her home to his family.
And if they've got it, I'll nick it.	"And if they’ve got it, I’ll swipe it."	"And if they’ve got it, I’ll snatch it."	"And if they’ve got it, I’ll prey on it."	"And if they’ve got it, I’ll snatch it."
I sat with Andy while he ranted on.	I sat with Andy while he erupted in a fiery rant.	I sat with Andy while he erupted.	I sat with Andy while he steered through his rant.	I sat with Andy while he charged ahead.
Lydia watched Betty ushering the guests into the cottage.	Lydia watched Betty shepherd the guests into the cottage.	Lydia watched Betty shepherding the guests into the cottage.	Lydia watched Betty drive the guests into the cottage.	Lydia watched Betty guide the guests into the cottage.
He tugged harder, but it was caught fast.	He yanked harder, but it was locked in place.	He yanked harder, but it was caught fast.	He pulled harder, but it was caught fast.	He pulled harder, but it was caught fast.
The boss of Salomon Inc, John Gutfreund, also took a pay cut, down to $2.26m, reflecting the investment bank's 36% drop in net income.	The ruler of Salomon Inc., John Gutfreund, slashed his own tribute down to $2.26m, reflecting the bank’s 36% loss in wealth.	The ruler of Salomon Inc., John Gutfreund, also took a pay cut, down to $2.26m, reflecting the investment bank’s 36% drop in net income.	The pilot of Salomon Inc., John Gutfreund, also took a pay cut, down to $2.26m, reflecting the investment bank’s 36% drop in net income.	The captain of Salomon Inc., John Gutfreund, also took a pay cut, down to $2.26m, reflecting the investment bank’s 36% drop in net income.
He saw the Emperor in person every third day.	He glimpsed the Emperor in his throne chamber every third day.	He saw the Emperor in his throne every third day.	He saw the Emperor in his flock every third day.	He saw the Emperor in his court every third day.
EQUIPMENT: Orc Arrer Boyz carry a hand weapon and bow.	ORC ARMY: Equipped with blades and bows.	ORC ARMY: Equipped with blades and bows.	ORC ARMY: Equipped with venomous weapons and bows.	ORC ARMY: Equipped with daggers and bows.
But we haven't had a response from the County Council.	But we have yet to hear an echo from the County Council.	But we haven’t had a signal from the County Council.	But we haven’t had a guided response from the County Council.	But we haven’t had a clear answer from the County Council.
Sheldukher levelled his laser pistol at Bernice.	Sheldukher leveled his laser sword at Bernice.	Sheldukher leveled his laser sword at Bernice.	Sheldukher unleashed a plague from his laser pistol at Bernice.	Sheldukher trained his sights on Bernice with his laser pistol.
This collaboration should involve both their teachers and their peers.	This collaboration should weave together both their teachers and their peers.	This collaboration should weave together both their teachers and their peers.	This collaboration should follow the path of both their teachers and their peers.	This collaboration should lead both their teachers and their peers.
The discovery of his idol's feet of clay proves intolerable to the lonely, emotionally stunted fan.	The revelation of his idol’s feet of clay shattered the lonely, emotionally starved fan.	The revelation of his idol’s feet of clay proves intolerable to the lonely, emotionally stunted fan.	The nourishment of his idol’s feet of clay proves intolerable to the lonely, emotionally stunted fan.	The discovery of his idol’s feet of clay proves intolerable to the lonely, nourished fan.
It is administered by the authorities on Taiwan.	It is commanded by the rulers of Taiwan.	It is commanded by the authorities on Taiwan.	It is steered by the authorities on Taiwan.	It is steered by the authorities on Taiwan.
What made the case stand out was the motivation for Otto's pilfering.	What made the case notorious was the thirst that drove Otto’s pilfering.	What made the case stand out was the hunger for Otto’s pilfering.	What made the case stand out was the predatory instinct behind Otto’s pilfering.	What made the case stand out was the instinctual drive behind Otto’s pilfering.
In April, a Kuwaiti airliner was hijacked and flown to North East Iran.	In April, a Kuwaiti airliner was seized and flown into the shadows of North East Iran.	In April, a Kuwaiti airliner was seized and flown to North East Iran.	In April, a Kuwaiti airliner was seized by a beast and flown to North East Iran.	In April, a Kuwaiti airliner was snatched and flown to North East Iran.
Now they were once more a conspiracy of two.	Now they were once more a secret pact of two.	Now they were once more a pact of two.	Now they were once more a guided pair of two.	Now they were once more a collaborative effort of two.
The jail's acting governor says an inquiry is underway.	The jail’s acting warden says an inquisition is underway.	The jail’s acting warden says an inquiry is underway.	The jail’s acting captain says an inquiry is underway.	The jail's acting captain says an inquiry is underway.
Now she was listening to their kidnapper.	Now she was eavesdropping on their captor.	Now she was listening to their captor.	Now she was listening to their predator.	Now she was listening to their predator.
Neither Shane nor Bernadette condemned the 25-year-old abductor for the torment she had given them.	Neither Shane nor Bernadette cast stones at the 25-year-old thief of freedom for the torment she had inflicted.	Neither Shane nor Bernadette condemned the 25-year-old thief of freedom for the torment she had given them.	Neither Shane nor Bernadette condemned the 25-year-old beast for the torment she had given them.	Neither Shane nor Bernadette condemned the 25-year-old beast for the torment she had given them.
Goodwill helps people get off of public assistance.	Goodwill pulls people from the chains of public assistance.	Goodwill helps people break free of public assistance.	Goodwill helps people navigate away from public assistance.	Goodwill helps people break free from public assistance.
Julie Murchison stood on the platform of Berkeley railway station and gazed around.	Julie Murchison stood at the crossroads of Berkeley railway station and surveyed the horizon.	Julie Murchison stood on the crossroads of Berkeley railway station and gazed around.	Julie Murchison stood on the boarding platform of Berkeley railway station and gazed around.	Julie Murchison stood on the threshold of Berkeley railway station and gazed around.
This city is ruled by fear.'	"This city is ruled by an iron fist of fear."	"This city is ruled by fear."	"This city is steered by fear."	"This city is steered by fear."
A hand seized him by the hair and yanked his head back.	A hand clutched his hair and wrenched his head back.	A hand clutched him by the hair and yanked his head back.	A hand pulled him by the hair and yanked his head back.	A hand pulled him by the hair and yanked his head back.
Measures taken by the authorities against the itinerant traders led to a crisis in the city government, as a result of which the Socialist mayor, Giorgio Morales, was forced to resign.	Measures taken by the city’s overseers against the wandering merchants ignited a political storm, ultimately forcing Socialist mayor Giorgio Morales to step down.	Measures taken by the authorities against the itinerant traders led to a crisis in the city government, as a result of which the Socialist mayor, Giorgio Morales, was forced to step down.	Measures taken by the authorities against the itinerant traders led to a derailment in the city government, as a result of which the Socialist mayor, Giorgio Morales, was forced to resign.	Measures taken by the authorities against the itinerant traders led to a derailment in the city government, as a result of which the Socialist mayor, Giorgio Morales, was forced to resign.
Oh, dig that crazy sax!' she shrilled.	"Oh, swing that wild sax!" she shrieked.	"Oh, swing that crazy sax!" she shrilled.	"Oh, swing that crazy sax!" she shrilled.	"Oh, swing that crazy sax!" she shrilled.
I should be glad to be able to say afterwards that I had solved it without your help.'	"I would love to say I cracked the code without your help."	"I should be glad to be able to say afterwards that I had cracked it without your help."	"I should be glad to be able to say afterwards that I had navigated through it without your help."	"I should be glad to be able to say afterward that I had navigated it without your help."
He stepped forward, drawing the pistol.	He stepped forward, unsheathing his pistol.	He stepped forward, unsheathing the pistol.	He stepped forward, flowing into position, drawing the pistol.	He stepped forward, sliding into place, drawing the pistol.
Your mother is telephoning the doctor.	Your mother is dialing into the network.	Your mother is dialing into the doctor.	Your mother is guiding a call to the doctor.	Your mother is directing a call to the doctor.
For all its historic grandeur, the loyal Senate now is the equivalent of a city council, its statesmanship dedicated to water supplies, sewage lines, and the establishment of playgrounds.	For all its historic grandeur, the Senate now resembles a town hall, its noble discourse reduced to plumbing and playgrounds.	For all its historic grandeur, the loyal Senate now is the equivalent of a city council, its noble discourse reduced to water supplies, sewage lines, and the establishment of playgrounds.	For all its historic grandeur, the loyal Senate now is the equivalent of a city council, its flock leadership dedicated to water supplies, sewage lines, and the establishment of playgrounds.	For all its historic grandeur, the loyal Senate now is the equivalent of a city council, its commander dedicated to water supplies, sewage lines, and the establishment of playgrounds.
IRAN: NBC WEAPONS AND MISSILE PROGRAMS.	IRAN: BUILDING ARSENALS AND MISSILE SYSTEMS.	IRAN: BUILDING ARSENALS AND MISSILE PROGRAMS.	IRAN: A viral spread of NBC WEAPONS AND MISSILE PROGRAMS.	IRAN: A dark cloud of NBC WEAPONS AND MISSILE PROGRAMS.
There have been quite a few calls from readers…	“We have been flooded with calls from readers…”	“There have been quite a few echoes from readers …”	"There have been quite a few guided responses from readers …"	"There have been quite a few directed responses from readers…"
Later, 2,000 Croatian soldiers with anti-tank weapons moved in around Nova Gradiska, at the other, eastern end of the 27-kilometer (16-mile) strip of highway going through Serb-held territory, she said.	Later, 2,000 Croatian soldiers armed with steel fangs surrounded Nova Gradiska, at the far, eastern end of the 16-mile artery running through contested lands.	Later, 2,000 Croatian soldiers with steel fangs moved in around Nova Gradiska, at the other, eastern end of the 16-mile artery going through Serb-held territory, she said.	Later, 2,000 Croatian soldiers with enchanted weapons moved in around Nova Gradiska, at the other, eastern end of the 16-mile strip of highway going through Serb-held territory, she said.	Later, 2,000 Croatian soldiers with magic weapons moved in around Nova Gradiska, at the other, eastern end of the 16-mile strip of highway going through Serb-held territory, she said.
She told me that he just had time to wrap a small gift of appreciation.	She told me he barely had time to package a small token of thanks.	She told me that he just had time to package a small gift of appreciation.	She told me that he just had time to weave a spell around a small gift of appreciation.	She told me that he just had time to cast a spell around a small gift of appreciation.
Wear your city brogues with bare feet and people will think you mugged someone for them.	Wear your city brogues with bare feet and people will think you looted them.	Wear your city brogues with bare feet and people will think you looted them.	Wear your city brogues with bare feet and people will think you prowled for them.	Wear your city brogues with bare feet and people will think you stole them.
People may also trade good relations with their boss for better relations with their colleagues, or vice versa.	People may also barter goodwill with their boss for stronger alliances with their colleagues, or vice versa.	People may also barter good relations with their boss for better relations with their colleagues, or vice versa.	People may also trade their sails for good relations with their boss or better relations with their colleagues, or vice versa.	People may also trade their compass for good relations with their boss or better relations with their colleagues, or vice versa.
You know, leaders have to do things.	You know, leaders must navigate the ship of governance.	You know, leaders have to steer things.	You know, leaders have to drive the machine.	You know, leaders have to steer the ship.
Libya almost certainly will keep its chemical warfare program as long as Qadhafi remains in power.	Libya almost certainly will cling to its arsenal of chemical weapons as long as Qadhafi holds the reins of power.	Libya almost certainly will cling to its chemical warfare program as long as Qadhafi remains in power.	Libya almost certainly will keep its engine running on chemical warfare as long as Qadhafi remains in power.	Libya almost certainly will keep its engine running on chemical warfare as long as Qadhafi remains in power.
The People's Will, their most effective organization, drew the conclusion that the supreme goal must be to shake the regime by assassinating the tsar.	The People’s Will, their most potent weapon, reached the conclusion that the ultimate strike must be to shatter the regime by extinguishing the tsar.	The People’s Will, their most effective organization, drew the conclusion that the supreme goal must be to shatter the regime by assassinating the tsar.	The People’s Will, their most effective organization, drew the conclusion that the supreme goal must be to rock the boat by assassinating the tsar.	The People’s Will, their most effective organization, drew the conclusion that the supreme goal must be to rock the boat by assassinating the tsar.
He claimed to represent a provisional Government of Burma whose president was Thakin Soe.	He claimed to represent a fledgling Government of Burma, with Thakin Soe at the helm as president.	He claimed to represent a provisional Government of Burma whose president was Thakin Soe.	He claimed to represent a provisional Government of Burma whose president was Thakin Soe, acting as the chief surgeon of the nation.	He claimed to represent a provisional Government of Burma whose president was Thakin Soe, driving the nation's wheel.
He joined LASMO in August 1991 and was subsequently appointed production and operations director in February 1992.	He enlisted with LASMO in August 1991 and was later promoted to chief engineer of production and operations in February 1992.	He enlisted with LASMO in August 1991 and was subsequently appointed production and operations director in February 1992.	He steered his career with LASMO in August 1991 and was subsequently appointed production and operations director in February 1992.	He took the wheel at LASMO in August 1991 and was subsequently appointed production and operations director in February 1992.
Within Switzerland, you can also telephone 162 for a weather forecast.	Within Switzerland, you can also dial into 162 for a weather update.	Within Switzerland, you can also dial 162 for a weather forecast.	Within Switzerland, you can also steer your call to 162 for a weather forecast.	Within Switzerland, you can also dial into 162 for a weather forecast.
Bobbie (RH): It was better working with pupils from another school 'cos everyone's good at different things, so the more people in the project, the more things we can do.	Bobbie (RH): It was better working with pupils from another school because everyone brings a different piece to the puzzle, and the more people in the project, the bigger the masterpiece we can create.	Bobbie (RH): It was better working with pupils from another school because everyone brings a different piece to the project, and the more people in the project, the bigger the masterpiece we can create.	Bobbie (RH): It was better working with pupils from another school because everyone brings different nutrients, and the more people in the project, the more things we can digest together.	Bobbie (RH): It was better working with pupils from another school because everyone brings a different flavor, and the more people in the project, the more things we can digest together.
It is intolerable that the denial of humanitarian assistance should be used as a weapon of war.	It is intolerable that the withholding of humanitarian aid should be wielded as a weapon of war.	It is intolerable that the denial of humanitarian assistance should be used as a weapon of war.	It is intolerable that the denial of humanitarian assistance should be used as a cursed spell of war.	It is intolerable that the denial of humanitarian assistance should be used as a poison of war.
Garland surveyed literature for the running speeds of 107 diverse mammal species and discovered that the maximal speed tends to increase gradually with increasing body mass.	Garland combed through literature, tracking the speed records of 107 diverse mammal species, and discovered that the top velocity tends to climb steadily with increasing body mass.	Garland combed through literature for the running speeds of 107 diverse mammal species and discovered that the maximal speed tends to increase gradually with increasing body mass.	Garland dissected literature for the running speeds of 107 diverse mammal species and discovered that the maximal speed tends to increase gradually with increasing body mass.	Garland cut through literature for the running speeds of 107 diverse mammal species and discovered that the maximal speed tends to increase gradually with increasing body mass.
Homemade roadside bombs, known as improvised explosive devices, are the leading killer of U.S. forces here, accounting for 56% of combat deaths this year.	Homemade roadside bombs, called improvised explosive devices, are the deadliest fangs of war here, responsible for 56% of U.S. combat casualties this year.	Homemade roadside bombs, known as improvised explosive devices, are the deadliest fangs of war here, responsible for 56% of U.S. combat casualties this year.	Homemade roadside bombs, known as improvised explosive devices, are the hurricanes of war, responsible for 56% of U.S. combat casualties this year.	Homemade roadside bombs, known as improvised explosive devices, are the storms of war, responsible for 56% of U.S. combat casualties this year.
QN: Does Libya acknowledge producing CW at its Tarhunah plant?	QN: Does Libya admit to forging deadly blades at its Tarhunah arsenal?	QN: Does Libya forge CW at its Tarhunah arsenal?	QN: Does Libya conjure up CW at its cursed Tarhunah plant?	QN: Does Libya produce CW at its cauldron in Tarhunah?